,precision,recall,f1-score,support
Not retrofit priority,0.8868653421633554,0.7203047960555805,0.7949542418995795,2231.0
Retrofit priority,0.9656916648339564,0.9884630536327311,0.9769446839280251,17769.0
accuracy,0.95855,0.95855,0.95855,0.95855
macro avg,0.9262785034986559,0.8543839248441558,0.8859494629138023,20000.0
weighted avg,0.9568985885400508,0.95855,0.9566436501197518,20000.0
