retrofit_priority,proportion
1,0.8001907921289391
0,0.19980920787106096
